<?xml version="1.0" encoding="UTF-8"?>
<project-private xmlns="http://www.netbeans.org/ns/project-private/1">
    <editor-bookmarks xmlns="http://www.netbeans.org/ns/editor-bookmarks/2" lastBookmarkId="0"/>
    <open-files xmlns="http://www.netbeans.org/ns/projectui-open-files/2">
        <group>
            <file>file:/G:/COMSATS%20Sahiwal/3rd%20Semester/Object%20Oriented%20Programming/OOP%20Lab/OOP%20Project/TicketBookingSystem/src/BusOperations.java</file>
            <file>file:/G:/COMSATS%20Sahiwal/3rd%20Semester/Object%20Oriented%20Programming/OOP%20Lab/OOP%20Project/TicketBookingSystem/src/HomePage.java</file>
            <file>file:/G:/COMSATS%20Sahiwal/3rd%20Semester/Object%20Oriented%20Programming/OOP%20Lab/OOP%20Project/TicketBookingSystem/src/WelcomeScreen.java</file>
            <file>file:/G:/COMSATS%20Sahiwal/3rd%20Semester/Object%20Oriented%20Programming/OOP%20Lab/OOP%20Project/TicketBookingSystem/src/TrainOperations.java</file>
        </group>
    </open-files>
</project-private>
