<?xml version="1.0" encoding="UTF-8"?>
<project-private xmlns="http://www.netbeans.org/ns/project-private/1">
    <editor-bookmarks xmlns="http://www.netbeans.org/ns/editor-bookmarks/2" lastBookmarkId="0"/>
    <open-files xmlns="http://www.netbeans.org/ns/projectui-open-files/2">
        <group>
            <file>file:/D:/Documents/NetBeansProjects/JavaPractise/src/doctor.java</file>
            <file>file:/D:/Documents/NetBeansProjects/JavaPractise/src/ViewDoctors.java</file>
            <file>file:/D:/Documents/NetBeansProjects/JavaPractise/src/prescription.java</file>
            <file>file:/D:/Documents/NetBeansProjects/JavaPractise/src/patient.java</file>
            <file>file:/D:/Documents/NetBeansProjects/JavaPractise/src/welcome.java</file>
        </group>
    </open-files>
</project-private>
